{
  "num_photos": 4,
  "photo_names": [
    "OIP-C (1).webp",
    "OIP-C.webp",
    "Top100AttractionsInTheWorldA9.webp",
    "istock000070396403medium.webp"
  ],
  "photo_info": [
    {
      "name": "OIP-C (1).webp",
      "size": [
        474,
        316
      ],
      "stats": {
        "mean": 0.003614147426560521,
        "std": 2.4351603984832764,
        "min": -6.582443714141846,
        "max": 7.444706439971924,
        "norm": 47.71925735473633
      },
      "most_similar": {
        "index": 2,
        "name": "Top100AttractionsInTheWorldA9.webp",
        "similarity": 0.21940261125564575
      }
    },
    {
      "name": "OIP-C.webp",
      "size": [
        474,
        315
      ],
      "stats": {
        "mean": 0.020252332091331482,
        "std": 2.5159194469451904,
        "min": -6.747845649719238,
        "max": 7.688084602355957,
        "norm": 49.303348541259766
      },
      "most_similar": {
        "index": 2,
        "name": "Top100AttractionsInTheWorldA9.webp",
        "similarity": 0.17894437909126282
      }
    },
    {
      "name": "Top100AttractionsInTheWorldA9.webp",
      "size": [
        1024,
        1024
      ],
      "stats": {
        "mean": 0.020934591069817543,
        "std": 2.487103223800659,
        "min": -6.7354044914245605,
        "max": 6.731631755828857,
        "norm": 48.73879623413086
      },
      "most_similar": {
        "index": 0,
        "name": "OIP-C (1).webp",
        "similarity": 0.21940261125564575
      }
    },
    {
      "name": "istock000070396403medium.webp",
      "size": [
        1240,
        930
      ],
      "stats": {
        "mean": -0.01567305624485016,
        "std": 2.528238296508789,
        "min": -6.42507791519165,
        "max": 8.722976684570312,
        "norm": 49.544105529785156
      },
      "most_similar": {
        "index": 0,
        "name": "OIP-C (1).webp",
        "similarity": 0.1170441061258316
      }
    }
  ],
  "similarity_matrix": [
    [
      1.0,
      0.0768231600522995,
      0.21940261125564575,
      0.1170441061258316
    ],
    [
      0.0768231600522995,
      1.0000001192092896,
      0.17894437909126282,
      0.07914283126592636
    ],
    [
      0.21940261125564575,
      0.17894437909126282,
      1.0,
      0.054935090243816376
    ],
    [
      0.1170441061258316,
      0.07914283126592636,
      0.054935090243816376,
      1.0
    ]
  ],
  "processing_time": 0.23890089988708496,
  "average_similarity": 0.1210486963391304
}