{
  "num_images": 10,
  "image_names": [
    "01_red_square",
    "02_green_circle",
    "03_blue_triangle",
    "04_yellow_star",
    "05_purple_diamond",
    "06_orange_ellipse",
    "07_cyan_rectangle",
    "08_magenta_pentagon",
    "09_lime_hexagon",
    "10_teal_cross"
  ],
  "categories": [
    "红色方块",
    "绿色圆形",
    "蓝色三角形",
    "黄色星形",
    "紫色菱形",
    "橙色椭圆",
    "青色矩形",
    "品红色五边形",
    "酸橙六边形",
    "青色十字"
  ],
  "feature_dimension": 384,
  "similarity_matrix": [
    [
      1.0,
      0.7442519068717957,
      0.6814289093017578,
      0.6623046398162842,
      0.8409388661384583,
      0.7167600989341736,
      0.905893087387085,
      0.8181571960449219,
      0.7382543087005615,
      0.7205146551132202
    ],
    [
      0.7442519068717957,
      1.0,
      0.6445702910423279,
      0.6787712574005127,
      0.7588852047920227,
      0.9164424538612366,
      0.7747994065284729,
      0.7981356978416443,
      0.7753769755363464,
      0.6231048107147217
    ],
    [
      0.6814289093017578,
      0.6445702910423279,
      1.0,
      0.7852332592010498,
      0.8130783438682556,
      0.6209296584129333,
      0.703673779964447,
      0.8251850605010986,
      0.8122031092643738,
      0.6157335042953491
    ],
    [
      0.6623046398162842,
      0.6787712574005127,
      0.7852332592010498,
      1.0,
      0.7532561421394348,
      0.675651490688324,
      0.6534636616706848,
      0.7889547348022461,
      0.759882390499115,
      0.7377225756645203
    ],
    [
      0.8409388661384583,
      0.7588852047920227,
      0.8130783438682556,
      0.7532561421394348,
      1.0000001192092896,
      0.7246645092964172,
      0.8229627013206482,
      0.9438543319702148,
      0.867920458316803,
      0.7036281228065491
    ],
    [
      0.7167600989341736,
      0.9164424538612366,
      0.6209296584129333,
      0.675651490688324,
      0.7246645092964172,
      0.9999998807907104,
      0.7350369691848755,
      0.760632336139679,
      0.752068281173706,
      0.5947621464729309
    ],
    [
      0.905893087387085,
      0.7747994065284729,
      0.703673779964447,
      0.6534636616706848,
      0.8229627013206482,
      0.7350369691848755,
      0.9999998807907104,
      0.823447048664093,
      0.7462047934532166,
      0.716535210609436
    ],
    [
      0.8181571960449219,
      0.7981356978416443,
      0.8251850605010986,
      0.7889547348022461,
      0.9438543319702148,
      0.760632336139679,
      0.823447048664093,
      1.0,
      0.8976353406906128,
      0.6568428874015808
    ],
    [
      0.7382543087005615,
      0.7753769755363464,
      0.8122031092643738,
      0.759882390499115,
      0.867920458316803,
      0.752068281173706,
      0.7462047934532166,
      0.8976353406906128,
      1.0,
      0.6683874726295471
    ],
    [
      0.7205146551132202,
      0.6231048107147217,
      0.6157335042953491,
      0.7377225756645203,
      0.7036281228065491,
      0.5947621464729309,
      0.716535210609436,
      0.6568428874015808,
      0.6683874726295471,
      0.9999998807907104
    ]
  ]
}